1	a	Präposition	A1
2	abitare	Verb	A1
3	aceto	Substantiv	A1
4	acqua	Substantiv	A1
5	adesso	Adverb	A1
6	aereo	Substantiv	A1
7	aeroplano	Substantiv	A1
8	aeroporto	Substantiv	A1
9	affetto	Substantiv	A1
10	agenzia	Substantiv	A1
11	agosto	Substantiv	A1
12	aiuto	Interjektion	A1
13	albergo	Substantiv	A1
14	albero	Substantiv	A1
15	alfabeto	Substantiv	A1
16	alto	Adjektiv	A1
17	amare	Verb	A1
18	ambasciata	Substantiv	A1
19	amica	Substantiv	A1
20	amico	Substantiv	A1
21	amore	Substantiv	A1
22	anche	Konjunktion	A1
23	andare	Verb	A1
24	animale	Substantiv	A1
25	anno	Substantiv	A1
26	appartamento	Substantiv	A1
27	appuntamento	Substantiv	A1
28	aprile	Substantiv	A1
29	aprire	Verb	A1
30	arrivare	Verb	A1
31	arrivederci	Interjektion	A1
32	arte	Substantiv	A1
33	ascoltare	Verb	A1
34	aspettare	Verb	A1
35	attento	Adjektiv	A1
36	attenzione	Substantiv	A1
37	augurio	Substantiv	A1
38	autobus	Substantiv	A1
39	autunno	Substantiv	A1
40	avanti	Adverb	A1
41	avere	Verb	A1
42	bacio	Substantiv	A1
43	bagno	Substantiv	A1
44	ballare	Verb	A1
45	bambina	Substantiv	A1
46	bambino	Substantiv	A1
47	banca	Substantiv	A1
48	bar	Substantiv	A1
49	bello	Adjektiv	A1
50	bene	Adverb	A1
51	bere	Verb	A1
52	bianco	Adjektiv	A1
53	bicchiere	Substantiv	A1
54	bici	Substantiv	A1
55	bicicletta	Substantiv	A1
56	biglietto	Substantiv	A1
57	biondo	Adjektiv	A1
58	birra	Substantiv	A1
59	blu	Adjektiv	A1
60	borsa	Substantiv	A1
61	bottiglia	Substantiv	A1
62	bravo	Adjektiv	A1
63	bravo	Interjektion	A1
64	buonanotte	Interjektion	A1
65	buonasera	Interjektion	A1
66	buongiorno	Interjektion	A1
67	buono	Adjektiv	A1
68	busta	Substantiv	A1
69	caffè	Substantiv	A1
70	caldo	Adjektiv	A1
71	calza	Substantiv	A1
72	cambiare	Verb	A1
73	camera	Substantiv	A1
74	cameriera	Substantiv	A1
75	cameriere	Substantiv	A1
76	camicia	Substantiv	A1
77	campagna	Substantiv	A1
78	cane	Substantiv	A1
79	cantare	Verb	A1
80	canzone	Substantiv	A1
81	capello	Substantiv	A1
82	capire	Verb	A1
83	cappotto	Substantiv	A1
84	cappuccino	Substantiv	A1
85	carne	Substantiv	A1
86	caro	Adjektiv	A1
87	carta	Substantiv	A1
88	cartolina	Substantiv	A1
89	casa	Substantiv	A1
90	castano	Adjektiv	A1
91	cd	Substantiv	A1
92	cellulare	Substantiv	A1
93	cena	Substantiv	A1
94	cenare	Verb	A1
95	centro	Substantiv	A1
96	cercare	Verb	A1
97	certo	Adverb	A1
98	che	Pronomen	A1
99	check-in	Substantiv	A1
100	chi	Interrogativpronomen	A1
101	chiamare	Verb	A1
102	chiamarsi	Verb	A1
103	chiave	Substantiv	A1
104	chiesa	Substantiv	A1
105	chiudere	Verb	A1
106	ci	Pronominalpartikel	A1
107	ciao	Interjektion	A1
108	cibo	Substantiv	A1
109	cin cin	Interjektion	A1
110	cinema	Substantiv	A1
111	città	Substantiv	A1
112	classe	Substantiv	A1
113	cognome	Substantiv	A1
114	colazione	Substantiv	A1
115	colore	Substantiv	A1
116	coltello	Substantiv	A1
117	come	Adverb	A1
118	cominciare	Verb	A1
119	compagna	Substantiv	A1
120	compagno	Substantiv	A1
121	compleanno	Substantiv	A1
122	comprare	Verb	A1
123	computer	Substantiv	A1
124	con	Präposition	A1
125	consolato	Substantiv	A1
126	conto	Substantiv	A1
127	corso	Substantiv	A1
128	corto	Adjektiv	A1
129	cosa	Substantiv	A1
130	costare	Verb	A1
131	credito	Substantiv	A1
132	cucchiaio	Substantiv	A1
133	cucina	Substantiv	A1
134	dare	Verb	A1
135	data	Substantiv	A1
136	davanti	Adverb	A1
137	dentro	Adverb	A1
138	destra	Substantiv	A1
139	di	Präposition	A1
140	dicembre	Substantiv	A1
141	dietro	Adverb	A1
142	difficile	Adjektiv	A1
143	dire	Verb	A1
144	doccia	Substantiv	A1
145	documento	Substantiv	A1
146	domanda	Substantiv	A1
147	domandare	Verb	A1
148	domani	Adverb	A1
149	domenica	Substantiv	A1
150	donna	Substantiv	A1
151	dopo	Adverb	A1
152	doppio	Adjektiv	A1
153	dormire	Verb	A1
154	dottore	Substantiv	A1
155	dottoressa	Substantiv	A1
156	dove	Adverb	A1
157	dovere	Verb	A1
158	e	Konjunktion	A1
159	e-mail	Substantiv	A1
160	entrare	Verb	A1
161	esercizio	Substantiv	A1
162	essere	Verb	A1
163	estate	Substantiv	A1
164	estero	Substantiv	A1
165	euro	Substantiv	A1
166	fabbrica	Substantiv	A1
167	facile	Adjektiv	A1
168	falso	Adjektiv	A1
169	fame	Substantiv	A1
170	famiglia	Substantiv	A1
171	fare	Verb	A1
172	farmacia	Substantiv	A1
173	favore	Substantiv	A1
174	fax	Substantiv	A1
175	febbraio	Substantiv	A1
176	felice	Adjektiv	A1
177	femmina	Substantiv	A1
178	fermata	Substantiv	A1
179	festa	Substantiv	A1
180	figlia	Substantiv	A1
181	figlio	Substantiv	A1
182	film	Substantiv	A1
183	finestra	Substantiv	A1
184	finire	Verb	A1
185	fiore	Substantiv	A1
186	forchetta	Substantiv	A1
187	fotografia	Substantiv	A1
188	francobollo	Substantiv	A1
189	fratello	Substantiv	A1
190	freddo	Adjektiv	A1
191	frutta	Substantiv	A1
192	fumare	Verb	A1
193	fuori	Adverb	A1
194	gatto	Substantiv	A1
195	gennaio	Substantiv	A1
196	gentile	Adjektiv	A1
197	giacca	Substantiv	A1
198	giallo	Adjektiv	A1
199	giardino	Substantiv	A1
200	giocare	Verb	A1
201	giornale	Substantiv	A1
202	giornata	Substantiv	A1
203	giorno	Substantiv	A1
204	giovane	Adjektiv	A1
205	giovedì	Substantiv	A1
206	giù	Adverb	A1
207	giugno	Substantiv	A1
208	gli	Artikel	A1
209	gonna	Substantiv	A1
210	grande	Adjektiv	A1
211	grazie	Interjektion	A1
212	guardare	Verb	A1
213	hobby	Substantiv	A1
214	hotel	Substantiv	A1
215	i	Artikel	A1
216	ieri	Adverb	A1
217	il	Artikel	A1
218	imparare	Verb	A1
219	importante	Adjektiv	A1
220	in	Präposition	A1
221	incontrare	Verb	A1
222	indietro	Adverb	A1
223	indirizzo	Substantiv	A1
224	industria	Substantiv	A1
225	informazione	Substantiv	A1
226	insegnante	Substantiv	A1
227	insegnare	Verb	A1
228	intelligente	Adjektiv	A1
229	interessante	Adjektiv	A1
230	internazionale	Adjektiv	A1
231	internet	Substantiv	A1
232	inverno	Substantiv	A1
233	io	Personalpronomen	A1
234	italiano	Substantiv	A1
235	la	Artikel	A1
236	là	Adverb	A1
237	lago	Substantiv	A1
238	largo	Adjektiv	A1
239	latte	Substantiv	A1
240	lavorare	Verb	A1
241	lavoro	Substantiv	A1
242	le	Artikel	A1
243	leggere	Verb	A1
244	lei	Personalpronomen	A1
245	lettera	Substantiv	A1
246	letto	Substantiv	A1
247	lezione	Substantiv	A1
248	lì	Adverb	A1
249	libro	Substantiv	A1
250	lingua	Substantiv	A1
251	lo	Artikel	A1
252	lontano	Adverb	A1
253	loro	Personalpronomen	A1
254	luglio	Substantiv	A1
255	lui	Personalpronomen	A1
256	lunedì	Substantiv	A1
257	lungo	Adjektiv	A1
258	macchina	Substantiv	A1
259	madre	Substantiv	A1
260	maggio	Substantiv	A1
261	maglietta	Substantiv	A1
262	maglione	Substantiv	A1
263	magro	Adjektiv	A1
264	mai	Adverb	A1
265	malato	Adjektiv	A1
266	male	Adverb	A1
267	mamma	Substantiv	A1
268	mangiare	Verb	A1
269	mare	Substantiv	A1
270	marito	Substantiv	A1
271	martedì	Substantiv	A1
272	marzo	Substantiv	A1
273	maschio	Substantiv	A1
274	matita	Substantiv	A1
275	mattina	Substantiv	A1
276	me	Pronomen	A1
277	medicina	Substantiv	A1
278	meno	Adverb	A1
279	menù	Substantiv	A1
280	mercato	Substantiv	A1
281	mercoledì	Substantiv	A1
282	mese	Substantiv	A1
283	metà	Substantiv	A1
284	mettere	Verb	A1
285	mezzanotte	Substantiv	A1
286	mezzo	Adjektiv	A1
287	mezzogiorno	Substantiv	A1
288	mi	Pronomen	A1
289	minuto	Substantiv	A1
290	mio	Adjektiv	A1
291	moglie	Substantiv	A1
292	molto	Adjektiv	A1
293	molto	Adverb	A1
294	momento	Substantiv	A1
295	montagna	Substantiv	A1
296	morire	Verb	A1
297	moto	Substantiv	A1
298	motocicletta	Substantiv	A1
299	museo	Substantiv	A1
300	musica	Substantiv	A1
301	nascere	Verb	A1
302	Natale	Substantiv	A1
303	nazionalità	Substantiv	A1
304	nazione	Substantiv	A1
305	negozio	Substantiv	A1
306	nero	Adjektiv	A1
307	nessuno	Pronomen	A1
308	niente	Pronomen	A1
309	niente	Adverb	A1
310	no	Adverb	A1
311	noi	Personalpronomen	A1
312	nome	Substantiv	A1
313	non	Adverb	A1
314	nonna	Substantiv	A1
315	nonno	Substantiv	A1
316	notte	Substantiv	A1
317	novembre	Substantiv	A1
318	numero	Substantiv	A1
319	nuovo	Adjektiv	A1
320	o	Konjunktion	A1
321	occhiale	Substantiv	A1
322	oggi	Adverb	A1
323	olio	Substantiv	A1
324	ombrello	Substantiv	A1
325	ora	Substantiv	A1
326	ora	Adverb	A1
327	orologio	Substantiv	A1
328	ospedale	Substantiv	A1
329	ottobre	Substantiv	A1
330	pacco	Substantiv	A1
331	padre	Substantiv	A1
332	pagare	Verb	A1
333	pane	Substantiv	A1
334	pantalone	Substantiv	A1
335	papà	Substantiv	A1
336	parcheggio	Substantiv	A1
337	parco	Substantiv	A1
338	parlare	Verb	A1
339	parola	Substantiv	A1
340	partire	Verb	A1
341	Pasqua	Substantiv	A1
342	passaporto	Substantiv	A1
343	pasta	Substantiv	A1
344	penna	Substantiv	A1
345	pepe	Substantiv	A1
346	per	Präposition	A1
347	perché	Adverb	A1
348	perchè	Konjunktion	A1
349	pesce	Substantiv	A1
350	piacere	Verb	A1
351	piacere	Substantiv	A1
352	piano	Adverb	A1
353	piano	Substantiv	A1
354	pianta	Substantiv	A1
355	piatto	Substantiv	A1
356	piazza	Substantiv	A1
357	piccolo	Adjektiv	A1
358	piovere	Verb	A1
359	più	Adverb	A1
360	pizza	Substantiv	A1
361	pizzeria	Substantiv	A1
362	po’	Adverb	A1
363	poco	Adjektiv	A1
364	poco	Adverb	A1
365	polizia	Substantiv	A1
366	pomeriggio	Substantiv	A1
367	pomodoro	Substantiv	A1
368	porta	Substantiv	A1
369	portare	Verb	A1
370	posta	Substantiv	A1
371	posto	Substantiv	A1
372	potere	Verb	A1
373	pranzare	Verb	A1
374	pranzo	Substantiv	A1
375	prego	Interjektion	A1
376	prendere	Verb	A1
377	prenotare	Verb	A1
378	presto	Adverb	A1
379	prezzo	Substantiv	A1
380	primavera	Substantiv	A1
381	professore	Substantiv	A1
382	professoressa	Substantiv	A1
383	pulire	Verb	A1
384	qua	Adverb	A1
385	quaderno	Substantiv	A1
386	quadro	Substantiv	A1
387	quale	Pronomen	A1
388	quando	Adverb	A1
389	quanto	Adjektiv	A1
390	quanto	Pronomen	A1
391	quanto	Adverb	A1
392	quarto	Substantiv	A1
393	quasi	Adverb	A1
394	quello	Adjektiv	A1
395	quello	Demonstrativpronomen	A1
396	questo	Adjektiv	A1
397	questo	Demonstrativpronomen	A1
398	qui	Adverb	A1
399	radio	Substantiv	A1
400	ragazza	Substantiv	A1
401	ragazzo	Substantiv	A1
402	ricco	Adjektiv	A1
403	ripetere	Verb	A1
404	riso	Substantiv	A1
405	rispondere	Verb	A1
406	risposta	Substantiv	A1
407	ristorante	Substantiv	A1
408	ritornare	Verb	A1
409	rosso	Adjektiv	A1
410	sabato	Substantiv	A1
411	sale	Substantiv	A1
412	salute	Interjektion	A1
413	saluto	Substantiv	A1
414	sapere	Verb	A1
415	scarpa	Substantiv	A1
416	scrivere	Verb	A1
417	scuola	Substantiv	A1
418	scusare	Verb	A1
419	secondo	Substantiv	A1
420	sedia	Substantiv	A1
421	segreteria	Substantiv	A1
422	sempre	Adverb	A1
423	senza	Präposition	A1
424	senza	Adverb	A1
425	sera	Substantiv	A1
426	sete	Substantiv	A1
427	settembre	Substantiv	A1
428	settimana	Substantiv	A1
429	si	Pronomen	A1
430	sì	Adverb	A1
431	sigaretta	Substantiv	A1
432	significare	Verb	A1
433	signora	Substantiv	A1
434	signore	Substantiv	A1
435	simpatico	Adjektiv	A1
436	singolo	Adjektiv	A1
437	sinistra	Substantiv	A1
438	soggiorno	Substantiv	A1
439	soldo	Substantiv	A1
440	sole	Substantiv	A1
441	sonno	Substantiv	A1
442	sopra	Adverb	A1
443	sorella	Substantiv	A1
444	sotto	Adverb	A1
445	spaghetto	Substantiv	A1
446	spedire	Verb	A1
447	spesa	Substantiv	A1
448	spesso	Adverb	A1
449	spiaggia	Substantiv	A1
450	sporco	Adjektiv	A1
451	sport	Substantiv	A1
452	sposare	Verb	A1
453	stanco	Adjektiv	A1
454	stare	Verb	A1
455	stazione	Substantiv	A1
456	stop	Substantiv	A1
457	strada	Substantiv	A1
458	straniero	Adjektiv	A1
459	stretto	Adjektiv	A1
460	studente	Substantiv	A1
461	studentessa	Substantiv	A1
462	studiare	Verb	A1
463	su	Adverb	A1
464	suonare	Verb	A1
465	supermercato	Substantiv	A1
466	svegliarsi	Verb	A1
467	tanto	Adjektiv	A1
468	tanto	Adverb	A1
469	tardi	Adverb	A1
470	tavolo	Substantiv	A1
471	taxi	Substantiv	A1
472	te	Pronomen	A1
473	tè	Substantiv	A1
474	teatro	Substantiv	A1
475	telefonare	Verb	A1
476	telefono	Substantiv	A1
477	televisione	Substantiv	A1
478	ti	Pronomen	A1
479	tornare	Verb	A1
480	treno	Substantiv	A1
481	triste	Adjektiv	A1
482	troppo	Adjektiv	A1
483	troppo	Adverb	A1
484	trovare	Verb	A1
485	tu	Personalpronomen	A1
486	tuo	Adjektiv	A1
487	turista	Substantiv	A1
488	tutto	Adjektiv	A1
489	tv	Substantiv	A1
490	ufficio	Substantiv	A1
491	un	Artikel	A1
492	una	Artikel	A1
493	uno	Artikel	A1
494	università	Substantiv	A1
495	uomo	Substantiv	A1
496	uovo	Substantiv	A1
497	uscire	Verb	A1
498	vacanza	Substantiv	A1
499	valigia	Substantiv	A1
500	vecchio	Adjektiv	A1
501	vedersi	Verb	A1
502	venerdì	Substantiv	A1
503	venire	Verb	A1
504	verde	Adjektiv	A1
505	verdura	Substantiv	A1
506	vero	Adjektiv	A1
507	vestito	Substantiv	A1
508	via	Substantiv	A1
509	viaggiare	Verb	A1
510	viaggio	Substantiv	A1
511	vicino	Adverb	A1
512	vino	Substantiv	A1
513	visitare	Verb	A1
514	visto	Substantiv	A1
515	vivere	Verb	A1
516	voi	Pronomen	A1
517	volere	Verb	A1
518	zaino	Substantiv	A1
519	zucchero	Substantiv	A1
520	abbastanza	Adverb	A2
521	abbonamento	Substantiv	A2
522	abbracciare	Verb	A2
523	abbraccio	Substantiv	A2
524	accendere	Verb	A2
525	accendino	Substantiv	A2
526	accompagnare	Verb	A2
527	accordo	Substantiv	A2
528	acquistare	Verb	A2
529	addio	Interjektion	A2
530	addormentarsi	Verb	A2
531	adulta	Adjektiv	A2
532	adulta	Substantiv	A2
533	adulto	Adjektiv	A2
534	adulto	Substantiv	A2
535	affittare	Verb	A2
536	affitto	Substantiv	A2
537	aiutare	Verb	A2
538	aiuto	Substantiv	A2
539	alcuno	Adjektiv	A2
540	alimentari	Substantiv	A2
541	allegro	Adjektiv	A2
542	allora	Adverb	A2
543	altro	Pronomen	A2
544	altro	Adjektiv	A2
545	alzarsi	Verb	A2
546	amaro	Adjektiv	A2
547	ancora	Adverb	A2
548	anello	Substantiv	A2
549	annoiarsi	Verb	A2
550	anticipo	Substantiv	A2
551	antico	Adjektiv	A2
552	antipasto	Substantiv	A2
553	antipatico	Adjektiv	A2
554	anziana	Adjektiv	A2
555	anziana	Substantiv	A2
556	anziano	Adjektiv	A2
557	anziano	Substantiv	A2
558	aperitivo	Substantiv	A2
559	appena	Adverb	A2
560	appetito	Substantiv	A2
561	arancia	Substantiv	A2
562	arancione	Adjektiv	A2
563	argento	Substantiv	A2
564	aria	Substantiv	A2
565	armadio	Substantiv	A2
566	arrabbiarsi	Verb	A2
567	arrivo	Substantiv	A2
568	arrosto	Substantiv	A2
569	articolo	Substantiv	A2
570	ascensore	Substantiv	A2
571	asciugamano	Substantiv	A2
572	asciugare	Verb	A2
573	asciugarsi	Verb	A2
574	attraversare	Verb	A2
575	aula	Substantiv	A2
576	auto	Substantiv	A2
577	automobile	Substantiv	A2
578	autostrada	Substantiv	A2
579	azzurro	Adjektiv	A2
580	baciare	Verb	A2
581	baffo	Substantiv	A2
582	balcone	Substantiv	A2
583	bambola	Substantiv	A2
584	banana	Substantiv	A2
585	banco	Substantiv	A2
586	barba	Substantiv	A2
587	barca	Substantiv	A2
588	basso	Adjektiv	A2
589	basta	Interjektion	A2
590	benvenuto	Adjektiv	A2
591	benzina	Substantiv	A2
592	bibita	Substantiv	A2
593	biblioteca	Substantiv	A2
594	biglietteria	Substantiv	A2
595	bisogno	Substantiv	A2
596	bistecca	Substantiv	A2
597	bocca	Substantiv	A2
598	bosco	Substantiv	A2
599	braccio	Substantiv	A2
600	brutto	Adjektiv	A2
601	buio	Substantiv	A2
602	burro	Substantiv	A2
603	calcio	Substantiv	A2
604	caldo	Substantiv	A2
605	calmo	Adjektiv	A2
606	camminare	Verb	A2
607	campeggio	Substantiv	A2
608	camper	Substantiv	A2
609	cantina	Substantiv	A2
610	capo	Substantiv	A2
611	cappello	Substantiv	A2
612	carota	Substantiv	A2
613	casalinga	Substantiv	A2
614	casalingo	Substantiv	A2
615	cassa	Substantiv	A2
616	cattivo	Adjektiv	A2
617	cavallo	Substantiv	A2
618	centimetro	Substantiv	A2
619	che	Konjunktion	A2
620	chiaro	Adjektiv	A2
621	chiedere	Verb	A2
622	chilo	Substantiv	A2
623	chilometro	Substantiv	A2
624	ci	Pronomen	A2
625	cielo	Substantiv	A2
626	cin-cin	Interjektion	A2
627	cioccolato	Substantiv	A2
628	circa	Adverb	A2
629	cognata	Substantiv	A2
630	cognato	Substantiv	A2
631	collana	Substantiv	A2
632	collega	Substantiv	A2
633	collina	Substantiv	A2
634	colorare	Verb	A2
635	commessa	Substantiv	A2
636	commesso	Substantiv	A2
637	comodino	Substantiv	A2
638	comodo	Adjektiv	A2
639	compito	Substantiv	A2
640	completo	Adjektiv	A2
641	complimento	Substantiv	A2
642	concerto	Substantiv	A2
643	confine	Substantiv	A2
644	congratulazione	Substantiv	A2
645	conoscere	Verb	A2
646	contento	Adjektiv	A2
647	continuare	Verb	A2
648	contorno	Substantiv	A2
649	conversazione	Substantiv	A2
650	coperta	Substantiv	A2
651	coppia	Substantiv	A2
652	corpo	Substantiv	A2
653	correggere	Verb	A2
654	correre	Verb	A2
655	così	Adverb	A2
656	costo	Substantiv	A2
657	cotone	Substantiv	A2
658	credere	Verb	A2
659	crema	Substantiv	A2
660	crociera	Substantiv	A2
661	cucinare	Verb	A2
662	cugina	Substantiv	A2
663	cugino	Substantiv	A2
664	cultura	Substantiv	A2
665	cuscino	Substantiv	A2
666	da	Präposition	A2
667	davanti	Präposition	A2
668	debole	Adjektiv	A2
669	dente	Substantiv	A2
670	dentifricio	Substantiv	A2
671	dentro	Präposition	A2
672	dettato	Substantiv	A2
673	dialogo	Substantiv	A2
674	dietro	Präposition	A2
675	dimenticare	Verb	A2
676	dimenticarsi	Verb	A2
677	dipingere	Verb	A2
678	dipinto	Substantiv	A2
679	direttore	Substantiv	A2
680	direttrice	Substantiv	A2
681	discoteca	Substantiv	A2
682	disegnare	Verb	A2
683	dispiacere	Verb	A2
684	distributore	Substantiv	A2
685	dito	Substantiv	A2
686	ditta	Substantiv	A2
687	divano	Substantiv	A2
688	diverso	Adjektiv	A2
689	divertente	Adjektiv	A2
690	divertimento	Substantiv	A2
691	divertirsi	Verb	A2
692	divorziare	Verb	A2
693	dizionario	Substantiv	A2
694	dogana	Substantiv	A2
695	dolce	Adjektiv	A2
696	dolce	Substantiv	A2
697	dritto	Adverb	A2
698	durante	Präposition	A2
699	ecco	Interjektion	A2
700	economia	Substantiv	A2
701	elegante	Adjektiv	A2
702	elementare	Adjektiv	A2
703	entrata	Substantiv	A2
704	erba	Substantiv	A2
705	errore	Substantiv	A2
706	esame	Substantiv	A2
707	esempio	Substantiv	A2
708	est	Substantiv	A2
709	età	Substantiv	A2
710	etto	Substantiv	A2
711	faccia	Substantiv	A2
712	facoltà	Substantiv	A2
713	fattoria	Substantiv	A2
714	febbre	Substantiv	A2
715	femminile	Adjektiv	A2
716	fermarsi	Verb	A2
717	fermo	Adjektiv	A2
718	ferro	Substantiv	A2
719	fetta	Substantiv	A2
720	fiammifero	Substantiv	A2
721	fidanzata	Substantiv	A2
722	fidanzato	Substantiv	A2
723	fine	Substantiv	A2
724	fino	Präposition	A2
725	firma	Substantiv	A2
726	firmare	Verb	A2
727	fiume	Substantiv	A2
728	foglio	Substantiv	A2
729	formaggio	Substantiv	A2
730	fornello	Substantiv	A2
731	forno	Substantiv	A2
732	forse	Adverb	A2
733	forte	Adjektiv	A2
734	fortuna	Substantiv	A2
735	fra	Präposition	A2
736	frase	Substantiv	A2
737	freddo	Substantiv	A2
738	freezer	Substantiv	A2
739	frequentare	Verb	A2
740	fresco	Adjektiv	A2
741	frigorifero	Substantiv	A2
742	fronte	Substantiv	A2
743	fulmine	Substantiv	A2
744	fuoco	Substantiv	A2
745	gamba	Substantiv	A2
746	garage	Substantiv	A2
747	gas	Substantiv	A2
748	gelato	Substantiv	A2
749	genero	Substantiv	A2
750	genitore	Substantiv	A2
751	geografia	Substantiv	A2
752	ghiaccio	Substantiv	A2
753	già	Adverb	A2
754	ginnastica	Substantiv	A2
755	giocattolo	Substantiv	A2
756	gioco	Substantiv	A2
757	giornalista	Substantiv	A2
758	girare	Verb	A2
759	giro	Substantiv	A2
760	gita	Substantiv	A2
761	giusto	Adjektiv	A2
762	gli	Pronomen	A2
763	grado	Substantiv	A2
764	grasso	Adjektiv	A2
765	gratis	Adverb	A2
766	grigio	Adjektiv	A2
767	guanto	Substantiv	A2
768	guida	Substantiv	A2
769	guidare	Verb	A2
770	idea	Substantiv	A2
771	identità	Substantiv	A2
772	impermeabile	Substantiv	A2
773	impiegata	Substantiv	A2
774	impiegato	Substantiv	A2
775	impossibile	Adjektiv	A2
776	incontrarsi	Verb	A2
777	indossare	Verb	A2
778	infermiera	Substantiv	A2
779	infermiere	Substantiv	A2
780	ingegnere	Substantiv	A2
781	iniziare	Verb	A2
782	inizio	Substantiv	A2
783	insalata	Substantiv	A2
784	insieme	Adverb	A2
785	intorno	Adverb	A2
786	inutile	Adjektiv	A2
787	invitare	Verb	A2
788	isola	Substantiv	A2
789	la	Pronomen	A2
790	lampada	Substantiv	A2
791	lana	Substantiv	A2
792	lasciare	Verb	A2
793	lavagna	Substantiv	A2
794	lavanderia	Substantiv	A2
795	lavandino	Substantiv	A2
796	lavare	Verb	A2
797	lavarsi	Verb	A2
798	lavastoviglie	Substantiv	A2
799	lavatrice	Substantiv	A2
800	le	Pronomen	A2
801	leggero	Adjektiv	A2
802	legno	Substantiv	A2
803	lento	Adjektiv	A2
804	lenzuolo	Substantiv	A2
805	li	Pronomen	A2
806	libero	Adjektiv	A2
807	libreria	Substantiv	A2
808	liscio	Adjektiv	A2
809	litro	Substantiv	A2
810	livello	Substantiv	A2
811	lo	Personalpronomen	A2
812	lontano	Adjektiv	A2
813	loro	Adjektiv	A2
814	luce	Substantiv	A2
815	luna	Substantiv	A2
816	luogo	Substantiv	A2
817	ma	Konjunktion	A2
818	maiale	Substantiv	A2
819	mancia	Substantiv	A2
820	manica	Substantiv	A2
821	mano	Substantiv	A2
822	marrone	Adjektiv	A2
823	maschile	Adjektiv	A2
824	matematica	Substantiv	A2
825	materia	Substantiv	A2
826	matrimonio	Substantiv	A2
827	meccanico	Substantiv	A2
828	medico	Substantiv	A2
829	meglio	Adverb	A2
830	mela	Substantiv	A2
831	mensa	Substantiv	A2
832	merenda	Substantiv	A2
833	messaggio	Substantiv	A2
834	metro	Substantiv	A2
835	metropolitana	Substantiv	A2
836	mettersi	Verb	A2
837	minestra	Substantiv	A2
838	mio	Pronomen	A2
839	mobile	Substantiv	A2
840	moda	Substantiv	A2
841	moderno	Adjektiv	A2
842	mondo	Substantiv	A2
843	monumento	Substantiv	A2
844	mostra	Substantiv	A2
845	motorino	Substantiv	A2
846	mucca	Substantiv	A2
847	muovere	Verb	A2
848	muoversi	Verb	A2
849	muro	Substantiv	A2
850	naso	Substantiv	A2
851	natura	Substantiv	A2
852	nave	Substantiv	A2
853	nebbia	Substantiv	A2
854	nervoso	Adjektiv	A2
855	neve	Substantiv	A2
856	nevicare	Verb	A2
857	nipote	Substantiv	A2
858	noioso	Adjektiv	A2
859	noleggiare	Verb	A2
860	nord	Substantiv	A2
861	normale	Adjektiv	A2
862	nostalgia	Substantiv	A2
863	nostro	Adjektiv	A2
864	nostro	Possessivpronomen	A2
865	nuora	Substantiv	A2
866	nuotare	Verb	A2
867	nuoto	Substantiv	A2
868	nuvola	Substantiv	A2
869	nuvoloso	Adjektiv	A2
870	occhio	Substantiv	A2
871	odore	Substantiv	A2
872	offrire	Verb	A2
873	oggetto	Substantiv	A2
874	ogni	Adjektiv	A2
875	ok	Interjektion	A2
876	operaia	Substantiv	A2
877	operaio	Substantiv	A2
878	orario	Substantiv	A2
879	ordinare	Verb	A2
880	orecchio	Substantiv	A2
881	organizzare	Verb	A2
882	oro	Substantiv	A2
883	ospite	Substantiv	A2
884	ovest	Substantiv	A2
885	padella	Substantiv	A2
886	padrona	Substantiv	A2
887	padrone	Substantiv	A2
888	pagina	Substantiv	A2
889	paio	Substantiv	A2
890	palazzo	Substantiv	A2
891	palestra	Substantiv	A2
892	palla	Substantiv	A2
893	pallacanestro	Substantiv	A2
894	panino	Substantiv	A2
895	parente	Substantiv	A2
896	parete	Substantiv	A2
897	parte	Substantiv	A2
898	partenza	Substantiv	A2
899	partita	Substantiv	A2
900	passare	Verb	A2
901	passato	Substantiv	A2
902	passato	Adjektiv	A2
903	passeggiare	Verb	A2
904	passeggiata	Substantiv	A2
905	pasto	Substantiv	A2
906	patata	Substantiv	A2
907	patente	Substantiv	A2
908	paura	Substantiv	A2
909	pausa	Substantiv	A2
910	pavimento	Substantiv	A2
911	peccato	Substantiv	A2
912	pelle	Substantiv	A2
913	pensare	Verb	A2
914	pensione	Substantiv	A2
915	pentola	Substantiv	A2
916	pera	Substantiv	A2
917	perdere	Verb	A2
918	periferia	Substantiv	A2
919	persona	Substantiv	A2
920	pesante	Adjektiv	A2
921	pescare	Verb	A2
922	pettine	Substantiv	A2
923	pezzo	Substantiv	A2
924	piangere	Verb	A2
925	piede	Substantiv	A2
926	pieno	Adjektiv	A2
927	pigro	Adjektiv	A2
928	pioggia	Substantiv	A2
929	pipa	Substantiv	A2
930	piscina	Substantiv	A2
931	pisello	Substantiv	A2
932	plurale	Adjektiv	A2
933	po'	Adverb	A2
934	poi	Adverb	A2
935	pollo	Substantiv	A2
936	poltrona	Substantiv	A2
937	ponte	Substantiv	A2
938	posacenere	Substantiv	A2
939	posata	Substantiv	A2
940	possibile	Adjektiv	A2
941	povero	Adjektiv	A2
942	prato	Substantiv	A2
943	preferire	Verb	A2
944	preoccuparsi	Verb	A2
945	preparare	Verb	A2
946	prima	Adverb	A2
947	primo	Adjektiv	A2
948	primo	Substantiv	A2
949	probabilmente	Adverb	A2
950	problema	Substantiv	A2
951	profumo	Substantiv	A2
952	programma	Substantiv	A2
953	pronto	Adjektiv	A2
954	prosciutto	Substantiv	A2
955	prossimo	Adjektiv	A2
956	provare	Verb	A2
957	punto	Substantiv	A2
958	qualche	Adjektiv	A2
959	qualcosa	Pronomen	A2
960	qualcuno	Pronomen	A2
961	quale	Adjektiv	A2
962	quando	Konjunktion	A2
963	raffreddore	Substantiv	A2
964	ragione	Substantiv	A2
965	regalare	Verb	A2
966	regalo	Substantiv	A2
967	restare	Verb	A2
968	resto	Substantiv	A2
969	riccio	Adjektiv	A2
970	ricevere	Verb	A2
971	ricordare	Verb	A2
972	ricordarsi	Verb	A2
973	ridere	Verb	A2
974	rilassarsi	Verb	A2
975	rimanere	Verb	A2
976	riposare	Verb	A2
977	riposarsi	Verb	A2
978	riscaldamento	Substantiv	A2
979	ritardo	Substantiv	A2
980	ritrovare	Verb	A2
981	rompere	Verb	A2
982	rosa	Adjektiv	A2
983	roulotte	Substantiv	A2
984	rumore	Substantiv	A2
985	sala	Substantiv	A2
986	salame	Substantiv	A2
987	salato	Adjektiv	A2
988	saldo	Substantiv	A2
989	salotto	Substantiv	A2
990	salsa	Substantiv	A2
991	salute	Substantiv	A2
992	salve	Interjektion	A2
993	sandalo	Substantiv	A2
994	sapone	Substantiv	A2
995	sbagliare	Verb	A2
996	sbaglio	Substantiv	A2
997	scala	Substantiv	A2
998	scegliere	Verb	A2
999	sci	Substantiv	A2
1000	sciare	Verb	A2
1001	scienza	Substantiv	A2
1002	scomodo	Adjektiv	A2
1003	scontrino	Substantiv	A2
1004	scorso	Adjektiv	A2
1005	scrivania	Substantiv	A2
1006	scuro	Adjektiv	A2
1007	se	Konjunktion	A2
1008	secondo	Präposition	A2
1009	secondo	Adjektiv	A2
1010	sedersi	Verb	A2
1011	segretaria	Substantiv	A2
1012	segretario	Substantiv	A2
1013	seguire	Verb	A2
1014	semaforo	Substantiv	A2
1015	sembrare	Verb	A2
1016	sentire	Verb	A2
1017	sentirsi	Verb	A2
1018	separare	Verb	A2
1019	separarsi	Verb	A2
1020	serio	Adjektiv	A2
1021	seta	Substantiv	A2
1022	shampoo	Substantiv	A2
1023	sicuro	Adjektiv	A2
1024	sigaro	Substantiv	A2
1025	silenzio	Substantiv	A2
1026	simile	Adjektiv	A2
1027	singolare	Adjektiv	A2
1028	soccorso	Substantiv	A2
1029	soffitto	Substantiv	A2
1030	solito	Adjektiv	A2
1031	solo	Adjektiv	A2
1032	solo	Adverb	A2
1033	sopra	Präposition	A2
1034	sorpresa	Substantiv	A2
1035	sorridere	Verb	A2
1036	sotto	Präposition	A2
1037	spazzolino	Substantiv	A2
1038	specchio	Substantiv	A2
1039	spegnere	Verb	A2
1040	spendere	Verb	A2
1041	sperare	Verb	A2
1042	spettacolo	Substantiv	A2
1043	spiegare	Verb	A2
1044	spingere	Verb	A2
1045	spogliarsi	Verb	A2
1046	sporcare	Verb	A2
1047	sportivo	Adjektiv	A2
1048	sposarsi	Verb	A2
1049	spuntino	Substantiv	A2
1050	squadra	Substantiv	A2
1051	stadio	Substantiv	A2
1052	stamattina	Adverb	A2
1053	stanotte	Adverb	A2
1054	stanza	Substantiv	A2
1055	stasera	Adverb	A2
1056	stella	Substantiv	A2
1057	stesso	Adjektiv	A2
1058	stirare	Verb	A2
1059	stiro	Substantiv	A2
1060	stivale	Substantiv	A2
1061	storia	Substantiv	A2
1062	storico	Adjektiv	A2
1063	strano	Adjektiv	A2
1064	studio	Substantiv	A2
1065	su	Präposition	A2
1066	subito	Adverb	A2
1067	succedere	Verb	A2
1068	sud	Substantiv	A2
1069	suo	Adjektiv	A2
1070	suo	Pronomen	A2
1071	suocera	Substantiv	A2
1072	suocero	Substantiv	A2
1073	tabaccaio	Substantiv	A2
1074	tagliare	Verb	A2
1075	tappeto	Substantiv	A2
1076	tasca	Substantiv	A2
1077	tazza	Substantiv	A2
1078	tecnico	Substantiv	A2
1079	telefonata	Substantiv	A2
1080	temperatura	Substantiv	A2
1081	tempo	Substantiv	A2
1082	temporale	Substantiv	A2
1083	tenda	Substantiv	A2
1084	tenere	Verb	A2
1085	tennis	Substantiv	A2
1086	terra	Substantiv	A2
1087	terrazza	Substantiv	A2
1088	testa	Substantiv	A2
1089	tetto	Substantiv	A2
1090	tiepido	Adjektiv	A2
1091	timido	Adjektiv	A2
1092	tirare	Verb	A2
1093	toccare	Verb	A2
1094	togliere	Verb	A2
1095	torta	Substantiv	A2
1096	tortellino	Substantiv	A2
1097	tosse	Substantiv	A2
1098	tovaglia	Substantiv	A2
1099	tovagliolo	Substantiv	A2
1100	tra	Präposition	A2
1101	traffico	Substantiv	A2
1102	tranquillo	Adjektiv	A2
1103	trascorrere	Verb	A2
1104	tuo	Pronomen	A2
1105	tuono	Substantiv	A2
1106	uccello	Substantiv	A2
1107	uguale	Adjektiv	A2
1108	ultimo	Adjektiv	A2
1109	usare	Verb	A2
1110	uscita	Substantiv	A2
1111	utile	Adjektiv	A2
1112	vasca	Substantiv	A2
1113	vaso	Substantiv	A2
1114	vedere	Verb	A2
1115	vedovo	Adjektiv	A2
1116	veloce	Adjektiv	A2
1117	vendere	Verb	A2
1118	vento	Substantiv	A2
1119	veramente	Adverb	A2
1120	verbo	Substantiv	A2
1121	vestirsi	Verb	A2
1122	vetrina	Substantiv	A2
1123	vetro	Substantiv	A2
1124	vi	Pronomen	A2
1125	viola	Adjektiv	A2
1126	virgola	Substantiv	A2
1127	voce	Substantiv	A2
1128	voglia	Substantiv	A2
1129	volare	Verb	A2
1130	volta	Substantiv	A2
1131	vostro	Adjektiv	A2
1132	vostro	Possessivpronomen	A2
1133	vuoto	Adjektiv	A2
1134	water	Substantiv	A2
1135	zia	Substantiv	A2
1136	zio	Substantiv	A2
1137	abitante	Substantiv	B1
1138	accanto	Adverb	B1
1139	accento	Substantiv	B1
1140	accomodarsi	Verb	B1
1141	acconto	Substantiv	B1
1142	acido	Adjektiv	B1
1143	affettuoso	Adjektiv	B1
1144	aggiungere	Verb	B1
1145	aggiustare	Verb	B1
1146	aglio	Substantiv	B1
1147	alba	Substantiv	B1
1148	allergico	Adjektiv	B1
1149	alloggio	Substantiv	B1
1150	almeno	Adverb	B1
1151	ambulanza	Substantiv	B1
1152	ambulatorio	Substantiv	B1
1153	amicizia	Substantiv	B1
1154	ammalarsi	Verb	B1
1155	ammobiliato	Adjektiv	B1
1156	analisi	Substantiv	B1
1157	angolo	Substantiv	B1
1158	annuncio	Substantiv	B1
1159	ansia	Substantiv	B1
1160	ansioso	Adjektiv	B1
1161	appassionato	Adjektiv	B1
1162	appunto	Substantiv	B1
1163	asilo	Substantiv	B1
1164	aspro	Adjektiv	B1
1165	assegno	Substantiv	B1
1166	assolutamente	Adverb	B1
1167	attendere	Verb	B1
1168	attentamente	Adverb	B1
1169	attesa	Substantiv	B1
1170	attore	Substantiv	B1
1171	attrice	Substantiv	B1
1172	avaro	Adjektiv	B1
1173	avverbio	Substantiv	B1
1174	bagaglio	Substantiv	B1
1175	bagnare	Verb	B1
1176	bagnarsi	Verb	B1
1177	bancomat	Substantiv	B1
1178	banconota	Substantiv	B1
1179	beh	Interjektion	B1
1180	bilancia	Substantiv	B1
1181	bilocale	Substantiv	B1
1182	binario	Substantiv	B1
1183	bisognare	Verb	B1
1184	bocciare	Verb	B1
1185	bollente	Adjektiv	B1
1186	bollire	Verb	B1
1187	breve	Adjektiv	B1
1188	bruciarsi	Verb	B1
1189	buttare	Verb	B1
1190	cadere	Verb	B1
1191	calma	Substantiv	B1
1192	calmarsi	Verb	B1
1193	camion	Substantiv	B1
1194	campo	Substantiv	B1
1195	canale	Substantiv	B1
1196	canguro	Substantiv	B1
1197	cantante	Substantiv	B1
1198	capace	Adjektiv	B1
1199	capodanno	Substantiv	B1
1200	caricare	Verb	B1
1201	carnevale	Substantiv	B1
1202	cartone	Substantiv	B1
1203	cassettiera	Substantiv	B1
1204	causa	Substantiv	B1
1205	cerotto	Substantiv	B1
1206	certamente	Adverb	B1
1207	cervello	Substantiv	B1
1208	chiacchierare	Verb	B1
1209	cimitero	Substantiv	B1
1210	cioè	Konjunktion	B1
1211	cipolla	Substantiv	B1
1212	classico	Adjektiv	B1
1213	cliccare	Verb	B1
1214	cliente	Substantiv	B1
1215	clima	Substantiv	B1
1216	clinica	Substantiv	B1
1217	coincidenza	Substantiv	B1
1218	collegio	Substantiv	B1
1219	collezionare	Verb	B1
1220	collezione	Substantiv	B1
1221	colloquio	Substantiv	B1
1222	colpa	Substantiv	B1
1223	commedia	Substantiv	B1
1224	compagnia	Substantiv	B1
1225	compilare	Verb	B1
1226	complemento	Substantiv	B1
1227	complicare	Verb	B1
1228	comportarsi	Verb	B1
1229	Comune	Substantiv	B1
1230	comunicare	Verb	B1
1231	comunicazione	Substantiv	B1
1232	comunque	Konjunktion	B1
1233	concorso	Substantiv	B1
1234	condizionare	Verb	B1
1235	condoglianza	Substantiv	B1
1236	condominio	Substantiv	B1
1237	confuso	Adjektiv	B1
1238	connettersi	Verb	B1
1239	conoscenza	Substantiv	B1
1240	consegnare	Verb	B1
1241	consigliare	Verb	B1
1242	consiglio	Substantiv	B1
1243	contante	Substantiv	B1
1244	contattare	Verb	B1
1245	contemporaneo	Adjektiv	B1
1246	copia	Substantiv	B1
1247	coraggio	Interjektion	B1
1248	cordiale	Adjektiv	B1
1249	cordialmente	Adverb	B1
1250	corrente	Adjektiv	B1
1251	costoso	Adjektiv	B1
1252	costruire	Verb	B1
1253	costruzione	Substantiv	B1
1254	crepare	Verb	B1
1255	crudo	Adjektiv	B1
1256	cui	Pronomen	B1
1257	cuocere	Verb	B1
1258	cuore	Substantiv	B1
1259	curioso	Adjektiv	B1
1260	curriculum vitae	Substantiv	B1
1261	dappertutto	Adverb	B1
1262	davvero	Adverb	B1
1263	decidere	Verb	B1
1264	denaro	Substantiv	B1
1265	dentista	Substantiv	B1
1266	deprimere	Verb	B1
1267	descrivere	Verb	B1
1268	dialetto	Substantiv	B1
1269	diario	Substantiv	B1
1270	dieta	Substantiv	B1
1271	differente	Adjektiv	B1
1272	dipendere	Verb	B1
1273	diploma	Substantiv	B1
1274	diplomarsi	Verb	B1
1275	direttamente	Adverb	B1
1276	direzione	Substantiv	B1
1277	discesa	Substantiv	B1
1278	disoccupata	Adjektiv	B1
1279	disoccupata	Substantiv	B1
1280	disoccupato	Adjektiv	B1
1281	disuccupato	Substantiv	B1
1282	dispensa	Substantiv	B1
1283	disperare	Verb	B1
1284	distinto	Adjektiv	B1
1285	diventare	Verb	B1
1286	documentario	Substantiv	B1
1287	dolore	Substantiv	B1
1288	dopo	Präposition	B1
1289	dopodomani	Adverb	B1
1290	dunque	Konjunktion	B1
1291	duomo	Substantiv	B1
1292	durare	Verb	B1
1293	duro	Adjektiv	B1
1294	eccezionale	Adjektiv	B1
1295	egoista	Adjektiv	B1
1296	egregio	Adjektiv	B1
1297	eh	Interjektion	B1
1298	elettricista	Substantiv	B1
1299	elicottero	Substantiv	B1
1300	emergenza	Substantiv	B1
1301	emozione	Substantiv	B1
1302	esperienza	Substantiv	B1
1303	esprimere	Verb	B1
1304	estroverso	Adjektiv	B1
1305	famoso	Adjektiv	B1
1306	fantastico	Adjektiv	B1
1307	farina	Substantiv	B1
1308	favola	Substantiv	B1
1309	felicità	Substantiv	B1
1310	feria	Substantiv	B1
1311	ferire	Verb	B1
1312	ferirsi	Verb	B1
1313	ferita	Substantiv	B1
1314	fermare	Verb	B1
1315	festeggiare	Verb	B1
1316	fiction	Substantiv	B1
1317	finale	Adjektiv	B1
1318	finalmente	Adverb	B1
1319	fontana	Substantiv	B1
1320	forma	Substantiv	B1
1321	forza	Substantiv	B1
1322	forza	Interjektion	B1
1323	freno	Substantiv	B1
1324	fretta	Substantiv	B1
1325	friggere	Verb	B1
1326	frullatore	Substantiv	B1
1327	fumetto	Substantiv	B1
1328	fumo	Substantiv	B1
1329	funzionare	Verb	B1
1330	fuori	Präposition	B1
1331	futuro	Substantiv	B1
1332	gara	Substantiv	B1
1333	gelato	Adjektiv	B1
1334	generalmente	Adverb	B1
1335	genere	Substantiv	B1
1336	generoso	Adjektiv	B1
1337	gente	Substantiv	B1
1338	giardinaggio	Substantiv	B1
1339	giocatore	Substantiv	B1
1340	giocatrice	Substantiv	B1
1341	gioia	Substantiv	B1
1342	grammo	Substantiv	B1
1343	grosso	Adjektiv	B1
1344	gruppo	Substantiv	B1
1345	guadagnare	Verb	B1
1346	guarire	Verb	B1
1347	guasto	Adjektiv	B1
1348	guasto	Substantiv	B1
1349	gusto	Substantiv	B1
1350	idraulico	Substantiv	B1
1351	immaginare	Verb	B1
1352	impaziente	Adjektiv	B1
1353	impegnare	Verb	B1
1354	impegno	Substantiv	B1
1355	impianto	Substantiv	B1
1356	importare	Verb	B1
1357	improbabile	Adjektiv	B1
1358	improvvisamente	Adverb	B1
1359	improvviso	Adjektiv	B1
1360	incendio	Substantiv	B1
1361	incidente	Substantiv	B1
1362	incominciare	Verb	B1
1363	incredibile	Adjektiv	B1
1364	incrocio	Substantiv	B1
1365	incubo	Substantiv	B1
1366	indifferente	Adjektiv	B1
1367	indimenticabile	Adjektiv	B1
1368	infatti	Konjunktion	B1
1369	infine	Adverb	B1
1370	informare	Verb	B1
1371	innamorarsi	Verb	B1
1372	inoltre	Adverb	B1
1373	insipido	Adjektiv	B1
1374	insomma	Adverb	B1
1375	interessarsi	Verb	B1
1376	introverso	Adjektiv	B1
1377	invece	Konjunktion	B1
1378	inventare	Verb	B1
1379	inviare	Verb	B1
1380	istituto	Substantiv	B1
1381	ladra	Substantiv	B1
1382	ladro	Substantiv	B1
1383	laurea	Substantiv	B1
1384	laurearsi	Verb	B1
1385	lentamente	Adverb	B1
1386	leone	Substantiv	B1
1387	liceo	Substantiv	B1
1388	linea	Substantiv	B1
1389	liquido	Adjektiv	B1
1390	lirica	Adjektiv	B1
1391	lirica	Substantiv	B1
1392	locale	Substantiv	B1
1393	lotto	Substantiv	B1
1394	lungo	Adjektiv	B1
1395	lupo	Substantiv	B1
1396	maestra	Substantiv	B1
1397	maestro	Substantiv	B1
1398	maggiore	Adjektiv	B1
1399	magnifico	Adjektiv	B1
1400	malattia	Substantiv	B1
1401	mancare	Verb	B1
1402	mandare	Verb	B1
1403	marca	Substantiv	B1
1404	marciapiede	Substantiv	B1
1405	master	Substantiv	B1
1406	massimo	Adjektiv	B1
1407	medio	Adjektiv	B1
1408	meglio	Adjektiv	B1
1409	mensile	Substantiv	B1
1410	mensola	Substantiv	B1
1411	mentre	Konjunktion	B1
1412	meraviglioso	Adjektiv	B1
1413	metallo	Substantiv	B1
1414	metropoli	Substantiv	B1
1415	migliorare	Verb	B1
1416	migliore	Adjektiv	B1
1417	minimo	Adjektiv	B1
1418	minore	Adjektiv	B1
1419	mite	Adjektiv	B1
1420	modo	Substantiv	B1
1421	modulo	Substantiv	B1
1422	moneta	Substantiv	B1
1423	monolocale	Substantiv	B1
1424	morte	Substantiv	B1
1425	motivo	Substantiv	B1
1426	motore	Substantiv	B1
1427	musicale	Adjektiv	B1
1428	nascondere	Verb	B1
1429	naturale	Adjektiv	B1
1430	navigare	Verb	B1
1431	ne	Pronominalpartikel	B1
1432	né	Konjunktion	B1
1433	neanche	Adverb	B1
1434	neanche	Konjunktion	B1
1435	necessario	Adjektiv	B1
1436	negativo	Adjektiv	B1
1437	nessuno	Adjektiv	B1
1438	notizia	Substantiv	B1
1439	novità	Substantiv	B1
1440	obbligatorio	Adjektiv	B1
1441	occasione	Substantiv	B1
1442	occupare	Verb	B1
1443	occuparsi	Verb	B1
1444	odiare	Verb	B1
1445	odio	Substantiv	B1
1446	offerta	Substantiv	B1
1447	onesto	Adjektiv	B1
1448	opera	Substantiv	B1
1449	opinione	Substantiv	B1
1450	oppure	Konjunktion	B1
1451	ordine	Substantiv	B1
1452	orribile	Adjektiv	B1
1453	ospitalità	Substantiv	B1
1454	osservare	Verb	B1
1455	ottimista	Adjektiv	B1
1456	ottimo	Adjektiv	B1
1457	ovale	Adjektiv	B1
1458	paese	Substantiv	B1
1459	parere	Substantiv	B1
1460	partecipare	Verb	B1
1461	particolarmente	Adverb	B1
1462	passaggio	Substantiv	B1
1463	passione	Substantiv	B1
1464	pazienza	Substantiv	B1
1465	pediatra	Substantiv	B1
1466	pedonale	Adjektiv	B1
1467	peggio	Adverb	B1
1468	peggio	Adjektiv	B1
1469	peggiorare	Verb	B1
1470	peggiore	Adjektiv	B1
1471	perciò	Konjunktion	B1
1472	perfetto	Adjektiv	B1
1473	periodo	Substantiv	B1
1474	permesso	Substantiv	B1
1475	però	Konjunktion	B1
1476	pesare	Verb	B1
1477	pessimista	Adjektiv	B1
1478	pessimo	Adjektiv	B1
1479	phon	Substantiv	B1
1480	piacevole	Adjektiv	B1
1481	piccante	Adjektiv	B1
1482	piegare	Verb	B1
1483	piegarsi	Verb	B1
1484	pieno	Substantiv	B1
1485	pillola	Substantiv	B1
1486	pittore	Substantiv	B1
1487	pittrice	Substantiv	B1
1488	pittura	Substantiv	B1
1489	piuttosto	Adverb	B1
1490	pizzico	Substantiv	B1
1491	plastica	Substantiv	B1
1492	plurale	Substantiv	B1
1493	poesia	Substantiv	B1
1494	poeta	Substantiv	B1
1495	poetessa	Substantiv	B1
1496	pompiere	Substantiv	B1
1497	pop	Substantiv	B1
1498	pop	Adjektiv	B1
1499	porto	Substantiv	B1
1500	positivo	Adjektiv	B1
1501	possibilità	Substantiv	B1
1502	postino	Substantiv	B1
1503	praticamente	Adverb	B1
1504	pratico	Adjektiv	B1
1505	precedente	Adjektiv	B1
1506	prefisso	Substantiv	B1
1507	pregare	Verb	B1
1508	premere	Verb	B1
1509	preposizione	Substantiv	B1
1510	presentare	Verb	B1
1511	preside	Substantiv	B1
1512	prestare	Verb	B1
1513	previsione	Substantiv	B1
1514	prezzemolo	Substantiv	B1
1515	probabile	Adjektiv	B1
1516	prodotto	Substantiv	B1
1517	profondo	Adjektiv	B1
1518	promettere	Verb	B1
1519	promuovere	Verb	B1
1520	pronome	Substantiv	B1
1521	pronuncia	Substantiv	B1
1522	proporre	Verb	B1
1523	proprio	Adverb	B1
1524	protagonista	Substantiv	B1
1525	pubblicità	Substantiv	B1
1526	pulizia	Substantiv	B1
1527	pure	Konjunktion	B1
1528	purtroppo	Adverb	B1
1529	quadrato	Adjektiv	B1
1530	quadro	Adjektiv	B1
1531	qualsiasi	Indefinitpronomen	B1
1532	qualsiasi	Adjektiv	B1
1533	quartiere	Substantiv	B1
1534	questura	Substantiv	B1
1535	quindi	Adverb	B1
1536	quindi	Konjunktion	B1
1537	quotidiano	Substantiv	B1
1538	racchetta	Substantiv	B1
1539	raccogliere	Verb	B1
1540	raccomandata	Substantiv	B1
1541	raccontare	Verb	B1
1542	raramente	Adverb	B1
1543	regista	Substantiv	B1
1544	rendere	Verb	B1
1545	reparto	Substantiv	B1
1546	restituire	Verb	B1
1547	rettangolare	Adjektiv	B1
1548	rettore	Substantiv	B1
1549	riassumere	Verb	B1
1550	ricetta	Substantiv	B1
1551	ricordo	Substantiv	B1
1552	ringraziare	Verb	B1
1553	riparare	Verb	B1
1554	risultato	Substantiv	B1
1555	ritirare	Verb	B1
1556	riuscire	Verb	B1
1557	rivista	Substantiv	B1
1558	rock	Substantiv	B1
1559	romantico	Adjektiv	B1
1560	romanzo	Substantiv	B1
1561	rompersi	Verb	B1
1562	rotondo	Adjektiv	B1
1563	rubare	Verb	B1
1564	ruota	Substantiv	B1
1565	sacco	Substantiv	B1
1566	salire	Verb	B1
1567	salita	Substantiv	B1
1568	saltare	Verb	B1
1569	salutare	Verb	B1
1570	sano	Adjektiv	B1
1571	sapore	Substantiv	B1
1572	sbagliarsi	Verb	B1
1573	sbucciare	Verb	B1
1574	scaffale	Substantiv	B1
1575	scaricare	Verb	B1
1576	scendere	Verb	B1
1577	schiera	Substantiv	B1
1578	schifo	Substantiv	B1
1579	sciopero	Substantiv	B1
1580	sciroppo	Substantiv	B1
1581	sconto	Substantiv	B1
1582	scoprire	Verb	B1
1583	scrittore	Substantiv	B1
1584	scrittrice	Substantiv	B1
1585	scultore	Substantiv	B1
1586	scultrice	Substantiv	B1
1587	scultura	Substantiv	B1
1588	sdraiare	Verb	B1
1589	sdraiarsi	Verb	B1
1590	secco	Adjektiv	B1
1591	secolo	Substantiv	B1
1592	seguente	Adjektiv	B1
1593	semplice	Adjektiv	B1
1594	sennò	Konjunktion	B1
1595	serata	Substantiv	B1
1596	sereno	Adjektiv	B1
1597	servire	Verb	B1
1598	settimanale	Substantiv	B1
1599	sfortuna	Substantiv	B1
1600	sia	Konjunktion	B1
1601	siccome	Konjunktion	B1
1602	sicuramente	Adverb	B1
1603	sito	Substantiv	B1
1604	situazione	Substantiv	B1
1605	smettere	Verb	B1
1606	sms	Substantiv	B1
1607	socievole	Adjektiv	B1
1608	soggetto	Substantiv	B1
1609	sognare	Verb	B1
1610	sogno	Substantiv	B1
1611	solido	Adjektiv	B1
1612	soltanto	Adverb	B1
1613	soprattutto	Adverb	B1
1614	sottile	Adjektiv	B1
1615	spaventare	Verb	B1
1616	spaventoso	Adjektiv	B1
1617	speciale	Adjektiv	B1
1618	specialmente	Adverb	B1
1619	spessp	Adjektiv	B1
1620	spettabile	Adjektiv	B1
1621	spicchio	Substantiv	B1
1622	spostare	Verb	B1
1623	stage	Substantiv	B1
1624	stampare	Verb	B1
1625	stendere	Verb	B1
1626	stendersi	Verb	B1
1627	stomaco	Substantiv	B1
1628	stress	Substantiv	B1
1629	stressare	Verb	B1
1630	successo	Substantiv	B1
1631	superare	Verb	B1
1632	svolgere	Verb	B1
1633	talk-show	Substantiv	B1
1634	tanto	Pronomen	B1
1635	telefilm	Substantiv	B1
1636	telegiornale	Substantiv	B1
1637	tenero	Adjektiv	B1
1638	terminare	Verb	B1
1639	termometro	Substantiv	B1
1640	termosifone	Substantiv	B1
1641	terribile	Adjektiv	B1
1642	tigre	Substantiv	B1
1643	tipo	Substantiv	B1
1644	titolo	Substantiv	B1
1645	tombola	Substantiv	B1
1646	torre	Substantiv	B1
1647	tostapane	Substantiv	B1
1648	totale	Substantiv	B1
1649	tradurre	Verb	B1
1650	tragedia	Substantiv	B1
1651	tramonto	Substantiv	B1
1652	trasferirsi	Verb	B1
1653	traslocare	Verb	B1
1654	trasloco	Substantiv	B1
1655	trasmissione	Substantiv	B1
1656	trasparente	Adjektiv	B1
1657	trasportare	Verb	B1
1658	trovarsi	Verb	B1
1659	tuttavia	Konjunktion	B1
1660	ubriacarsi	Verb	B1
1661	ubriaco	Adjektiv	B1
1662	ulteriore	Adjektiv	B1
1663	umido	Adjektiv	B1
1664	umore	Substantiv	B1
1665	unico	Adjektiv	B1
1666	utilizzare	Verb	B1
1667	vaglia	Substantiv	B1
1668	vagone	Substantiv	B1
1669	variabile	Adjektiv	B1
1670	velocemente	Adverb	B1
1671	versare	Verb	B1
1672	verso	Präposition	B1
1673	via	Adverb	B1
1674	vietare	Verb	B1
1675	vigile	Substantiv	B1
1676	vigilessa	Substantiv	B1
1677	villa	Substantiv	B1
1678	villaggio	Substantiv	B1
1679	vincere	Verb	B1
1680	vita	Substantiv	B1
1681	vivo	Adjektiv	B1
1682	volentieri	Adverb	B1
1683	abbandonare	Verb	B2
1684	abbassare	Verb	B2
1685	abbondante	Adjektiv	B2
1686	abile	Adjektiv	B2
1687	abilità	Substantiv	B2
1688	abitazione	Substantiv	B2
1689	abituarsi	Verb	B2
1690	abitudine	Substantiv	B2
1691	accadere	Verb	B2
1692	accarezzare	Verb	B2
1693	accelerare	Verb	B2
1694	accettare	Verb	B2
1695	accidenti	Interjektion	B2
1696	accogliere	Verb	B2
1697	accorgersi	Verb	B2
1698	accusare	Verb	B2
1699	adatto	Adjektiv	B2
1700	addetta	Substantiv	B2
1701	addetto	Substantiv	B2
1702	adolescente	Substantiv	B2
1703	adoperare	Verb	B2
1704	adorare	Verb	B2
1705	adottare	Verb	B2
1706	affare	Substantiv	B2
1707	affatto	Adverb	B2
1708	affermare	Verb	B2
1709	affermazione	Substantiv	B2
1710	affinché	Konjunktion	B2
1711	affrontare	Verb	B2
1712	agio	Substantiv	B2
1713	agricoltura	Substantiv	B2
1714	agriturismo	Substantiv	B2
1715	alimentazione	Substantiv	B2
1716	allarme	Substantiv	B2
1717	allontanarsi	Verb	B2
1718	altrettanto	Adjektiv	B2
1719	altrimenti	Adverb	B2
1720	ambiente	Substantiv	B2
1721	ammazzare	Verb	B2
1722	ammettere	Verb	B2
1723	amministratore	Substantiv	B2
1724	amministratrice	Substantiv	B2
1725	ammirare	Verb	B2
1726	ampio	Adjektiv	B2
1727	andarsene	Verb	B2
1728	annullare	Verb	B2
1729	appartenere	Verb	B2
1730	apprezzare	Verb	B2
1731	appunto	Adverb	B2
1732	argomento	Substantiv	B2
1733	arma	Substantiv	B2
1734	armonia	Substantiv	B2
1735	arrestare	Verb	B2
1736	artificiale	Adjektiv	B2
1737	artigianato	Substantiv	B2
1738	asma	Substantiv	B2
1739	aspettarsi	Verb	B2
1740	aspetto	Substantiv	B2
1741	assassina	Substantiv	B2
1742	assassino	Substantiv	B2
1743	assente	Adjektiv	B2
1744	assenza	Substantiv	B2
1745	assicurare	Verb	B2
1746	assicurazione	Substantiv	B2
1747	associazione	Substantiv	B2
1748	assomigliare	Verb	B2
1749	assumere	Verb	B2
1750	assurdo	Adjektiv	B2
1751	atteggiamento	Substantiv	B2
1752	attentato	Substantiv	B2
1753	attimo	Substantiv	B2
1754	attività	Substantiv	B2
1755	attraverso	Präposition	B2
1756	augurare	Verb	B2
1757	augurarsi	Verb	B2
1758	aumentare	Verb	B2
1759	aumento	Substantiv	B2
1760	autentico	Adjektiv	B2
1761	autore	Substantiv	B2
1762	autrice	Substantiv	B2
1763	avvertire	Verb	B2
1764	avvicinarsi	Verb	B2
1765	azienda	Substantiv	B2
1766	azione	Substantiv	B2
1767	base	Substantiv	B2
1768	bastare	Verb	B2
1769	beato	Adjektiv	B2
1770	bellezza	Substantiv	B2
1771	benché	Konjunktion	B2
1772	boh	Interjektion	B2
1773	bolletta	Substantiv	B2
1774	bollettino	Substantiv	B2
1775	bomba	Substantiv	B2
1776	bonifico	Substantiv	B2
1777	brano	Substantiv	B2
1778	bugia	Substantiv	B2
1779	cadavere	Substantiv	B2
1780	calcolare	Verb	B2
1781	cantiere	Substantiv	B2
1782	capacità	Substantiv	B2
1783	capitale	Substantiv	B2
1784	capitare	Verb	B2
1785	carabiniere	Substantiv	B2
1786	carattere	Substantiv	B2
1787	carcere	Substantiv	B2
1788	carriera	Substantiv	B2
1789	caso	Substantiv	B2
1790	catturare	Verb	B2
1791	cavarsela	Verb	B2
1792	cavolo	Interjektion	B2
1793	celibe	Adjektiv	B2
1794	certificato	Substantiv	B2
1795	certo	Adjektiv	B2
1796	chissà	Adverb	B2
1797	chiunque	Pronomen	B2
1798	ciascuno	Pronomen	B2
1799	cieco	Adjektiv	B2
1800	cieco	Substantiv	B2
1801	cima	Substantiv	B2
1802	ciò	Pronomen	B2
1803	citare	Verb	B2
1804	cittadinanza	Substantiv	B2
1805	coda	Substantiv	B2
1806	cogliere	Verb	B2
1807	collaboratore	Substantiv	B2
1808	collaboratrice	Substantiv	B2
1809	collocamento	Substantiv	B2
1810	colpevole	Adjektiv	B2
1811	colpevole	Substantiv	B2
1812	combattere	Verb	B2
1813	come	Konjunktion	B2
1814	commentare	Verb	B2
1815	commento	Substantiv	B2
1816	commercio	Substantiv	B2
1817	complesso	Adjektiv	B2
1818	comportamento	Substantiv	B2
1819	comprendere	Verb	B2
1820	comunque	Adverb	B2
1821	concentrare	Verb	B2
1822	concentrarsi	Verb	B2
1823	concorrenza	Substantiv	B2
1824	concludere	Verb	B2
1825	conclusione	Substantiv	B2
1826	condannare	Verb	B2
1827	condividere	Verb	B2
1828	condizione	Substantiv	B2
1829	conferenza	Substantiv	B2
1830	confermare	Verb	B2
1831	confrontare	Verb	B2
1832	confronto	Substantiv	B2
1833	coniugare	Verb	B2
1834	coniuge	Substantiv	B2
1835	conseguenza	Substantiv	B2
1836	considerare	Verb	B2
1837	considerazione	Substantiv	B2
1838	consonante	Substantiv	B2
1839	contare	Verb	B2
1840	contatto	Substantiv	B2
1841	contemporaneamente	Adverb	B2
1842	continuamente	Adverb	B2
1843	contrario	Substantiv	B2
1844	contratto	Substantiv	B2
1845	contro	Präposition	B2
1846	controllare	Verb	B2
1847	convincere	Verb	B2
1848	convivente	Substantiv	B2
1849	coraggio	Substantiv	B2
1850	corrente	Substantiv	B2
1851	cortesia	Substantiv	B2
1852	costringere	Verb	B2
1853	creare	Verb	B2
1854	crescere	Verb	B2
1855	criminale	Substantiv	B2
1856	crisi	Substantiv	B2
1857	criticare	Verb	B2
1858	cronaca	Substantiv	B2
1859	cura	Substantiv	B2
1860	curarsi	Verb	B2
1861	danno	Substantiv	B2
1862	dato	Substantiv	B2
1863	debito	Substantiv	B2
1864	decisione	Substantiv	B2
1865	deludere	Verb	B2
1866	delusione	Substantiv	B2
1867	democrazia	Substantiv	B2
1868	denuncia	Substantiv	B2
1869	denunciare	Verb	B2
1870	deserto	Substantiv	B2
1871	desiderare	Verb	B2
1872	desiderio	Substantiv	B2
1873	destinatario	Substantiv	B2
1874	detestare	Verb	B2
1875	diavolo	Substantiv	B2
1876	dichiarare	Verb	B2
1877	difendere	Verb	B2
1878	difetto	Substantiv	B2
1879	differenza	Substantiv	B2
1880	difficoltà	Substantiv	B2
1881	diminuire	Verb	B2
1882	dimostrare	Verb	B2
1883	Dio	Substantiv	B2
1884	dipendente	Substantiv	B2
1885	dipendenza	Substantiv	B2
1886	dirigente	Substantiv	B2
1887	disabile	Adjektiv	B2
1888	discorso	Substantiv	B2
1889	discussione	Substantiv	B2
1890	discutere	Verb	B2
1891	disgustoso	Adjektiv	B2
1892	disoccupato	Substantiv	B2
1893	distanza	Substantiv	B2
1894	disturbare	Verb	B2
1895	dividere	Verb	B2
1896	divieto	Substantiv	B2
1897	dottorato	Substantiv	B2
1898	dovunque	Adverb	B2
1899	droga	Substantiv	B2
1900	dubbio	Substantiv	B2
1901	dubitare	Verb	B2
1902	eccetera	Adverb	B2
1903	eccetto	Präposition	B2
1904	ecco	Adverb	B2
1905	educazione	Substantiv	B2
1906	elezione	Substantiv	B2
1907	enorme	Adjektiv	B2
1908	entro	Präposition	B2
1909	epoca	Substantiv	B2
1910	esatto	Adjektiv	B2
1911	esatto	Adverb	B2
1912	escludere	Verb	B2
1913	esercito	Substantiv	B2
1914	esistere	Verb	B2
1915	espressione	Substantiv	B2
1916	esterno	Adjektiv	B2
1917	evidente	Adjektiv	B2
1918	evidenza	Substantiv	B2
1919	farcela	Verb	B2
1920	fastidio	Substantiv	B2
1921	fatica	Substantiv	B2
1922	fede	Substantiv	B2
1923	feriale	Adjektiv	B2
1924	festivo	Adjektiv	B2
1925	fidarsi	Verb	B2
1926	fiducia	Substantiv	B2
1927	figo	Adjektiv	B2
1928	figura	Substantiv	B2
1929	figurarsi	Verb	B2
1930	fila	Substantiv	B2
1931	finché	Konjunktion	B2
1932	finora	Adverb	B2
1933	finto	Adjektiv	B2
1934	folla	Substantiv	B2
1935	fondo	Substantiv	B2
1936	formazione	Substantiv	B2
1937	fornitore	Substantiv	B2
1938	fragile	Adjektiv	B2
1939	fregarsene	Verb	B2
1940	frenare	Verb	B2
1941	furto	Substantiv	B2
1942	galera	Substantiv	B2
1943	galleria	Substantiv	B2
1944	ganzo	Adjektiv	B2
1945	generazione	Substantiv	B2
1946	gesto	Substantiv	B2
1947	ghiacciaio	Substantiv	B2
1948	giudice	Substantiv	B2
1949	giustizia	Substantiv	B2
1950	globalizzazione	Substantiv	B2
1951	governo	Substantiv	B2
1952	grave	Adjektiv	B2
1953	gridare	Verb	B2
1954	guerra	Substantiv	B2
1955	gustare	Verb	B2
1956	ideale	Adjektiv	B2
1957	ideologia	Substantiv	B2
1958	imitare	Verb	B2
1959	immagine	Substantiv	B2
1960	immobile	Substantiv	B2
1961	impensabile	Adjektiv	B2
1962	importanza	Substantiv	B2
1963	impresa	Substantiv	B2
1964	impressione	Substantiv	B2
1965	includere	Verb	B2
1966	indispensabile	Adjektiv	B2
1967	infanzia	Substantiv	B2
1968	inferiore	Adjektiv	B2
1969	innanzitutto	Adverb	B2
1970	innocente	Adjektiv	B2
1971	inquilina	Substantiv	B2
1972	inquilino	Substantiv	B2
1973	inquinamento	Substantiv	B2
1974	insistere	Verb	B2
1975	intanto	Adverb	B2
1976	intendere	Verb	B2
1977	intenzione	Substantiv	B2
1978	interesse	Substantiv	B2
1979	interno	Adjektiv	B2
1980	interno	Substantiv	B2
1981	interrompere	Verb	B2
1982	intervenire	Verb	B2
1983	intervista	Substantiv	B2
1984	investire	Verb	B2
1985	invisibile	Adjektiv	B2
1986	iscriversi	Verb	B2
1987	iscrizione	Substantiv	B2
1988	laggiù	Adverb	B2
1989	lassù	Adverb	B2
1990	lamentarsi	Verb	B2
1991	lato	Substantiv	B2
1992	lavorativo	Adjektiv	B2
1993	legge	Substantiv	B2
1994	liberare	Verb	B2
1995	libertà	Substantiv	B2
1996	licenziare	Verb	B2
1997	litigare	Verb	B2
1998	logico	Adjektiv	B2
1999	lordo	Adjektiv	B2
2000	magari	Interjektion	B2
2001	magari	Konjunktion	B2
2002	mah	Interjektion	B2
2003	maiuscola	Substantiv	B2
2004	manager	Substantiv	B2
2005	mancanza	Substantiv	B2
2006	maniera	Substantiv	B2
2007	mantenere	Verb	B2
2008	maternità	Substantiv	B2
2009	matto	Adjektiv	B2
2010	maturità	Substantiv	B2
2011	mente	Substantiv	B2
2012	merce	Substantiv	B2
2013	messa	Substantiv	B2
2014	metodo	Substantiv	B2
2015	mettercela	Verb	B2
2016	mezzo	Substantiv	B2
2017	militare	Adjektiv	B2
2018	militare	Substantiv	B2
2019	millimetro	Substantiv	B2
2020	ministro	Substantiv	B2
2021	minuscola	Substantiv	B2
2022	minuscolo	Adjektiv	B2
2023	miseria	Substantiv	B2
2024	mittente	Substantiv	B2
2025	moltiplicare	Verb	B2
2026	morbido	Adjektiv	B2
2027	mostrare	Verb	B2
2028	movimento	Substantiv	B2
2029	multa	Substantiv	B2
2030	municipio	Substantiv	B2
2031	muro	Substantiv	B2
2032	muto	Adjektiv	B2
2033	mutuo	Substantiv	B2
2034	neanche	Adverb	B2
2035	nenache	Konjunktion	B2
2036	nemico	Adjektiv	B2
2037	nemico	Substantiv	B2
2038	nemmeno	Adverb	B2
2039	nemmeno	Konjunktion	B2
2040	netto	Adjektiv	B2
2041	nonostante	Präposition	B2
2042	nonostante	Konjunktion	B2
2043	nubile	Adjektiv	B2
2044	nulla	Adverb	B2
2045	obbligare	Verb	B2
2046	oggigiorno	Adverb	B2
2047	ognuno	Pronomen	B2
2048	omicidio	Substantiv	B2
2049	onestà	Substantiv	B2
2050	opportunità	Substantiv	B2
2051	opportuno	Adjektiv	B2
2052	organizzazione	Substantiv	B2
2053	orizzontale	Adjektiv	B2
2054	ormai	Adverb	B2
2055	ovvio	Adjektiv	B2
2056	pace	Substantiv	B2
2057	paesaggio	Substantiv	B2
2058	paga	Substantiv	B2
2059	pagamento	Substantiv	B2
2060	Papa	Substantiv	B2
2061	parecchio	Adverb	B2
2062	parecchio	Adjektiv	B2
2063	parentesi	Substantiv	B2
2064	parlamento	Substantiv	B2
2065	partito	Substantiv	B2
2066	patto	Substantiv	B2
2067	pazzesco	Adjektiv	B2
2068	pena	Substantiv	B2
2069	perdonare	Verb	B2
2070	perfino	Adverb	B2
2071	pericoloso	Adjektiv	B2
2072	personaggio	Substantiv	B2
2073	personale	Adjektiv	B2
2074	personale	Substantiv	B2
2075	personalità	Substantiv	B2
2076	personalmente	Adverb	B2
2077	piecere	Verb	B2
2078	pietà	Substantiv	B2
2079	pistola	Substantiv	B2
2080	poiché	Konjunktion	B2
2081	politica	Substantiv	B2
2082	politico	Adjektiv	B2
2083	polizza	Substantiv	B2
2084	porco	Adjektiv	B2
2085	porgere	Verb	B2
2086	possedere	Verb	B2
2087	povertà	Substantiv	B2
2088	precedenza	Substantiv	B2
2089	prendersela	Redewendung	B2
2090	preoccupazione	Substantiv	B2
2091	Präpositionrare	Verb	B2
2092	Präpositionsizione	Substantiv	B2
2093	presentazione	Substantiv	B2
2094	presente	Adjektiv	B2
2095	presenza	Substantiv	B2
2096	presidente	Substantiv	B2
2097	presso	Adverb	B2
2098	prestito	Substantiv	B2
2099	prete	Substantiv	B2
2100	prigione	Substantiv	B2
2101	principale	Substantiv	B2
2102	privato	Adjektiv	B2
2103	probabilità	Substantiv	B2
2104	processo	Substantiv	B2
2105	progetto	Substantiv	B2
2106	proibire	Verb	B2
2107	proposito	Substantiv	B2
2108	proprio	Adjektiv	B2
2109	proteggere	Verb	B2
2110	Provincia	Substantiv	B2
2111	pubblico	Adjektiv	B2
2112	purché	Konjunktion	B2
2113	pure	Adverb	B2
2114	puro	Adjektiv	B2
2115	puzza	Substantiv	B2
2116	puzzare	Verb	B2
2117	qualità	Substantiv	B2
2118	qualunque	Adjektiv	B2
2119	questione	Substantiv	B2
2120	quintale	Substantiv	B2
2121	raccomandarsi	Verb	B2
2122	raggiungere	Verb	B2
2123	rallentare	Verb	B2
2124	rapina	Substantiv	B2
2125	rapporto	Substantiv	B2
2126	rata	Substantiv	B2
2127	reagire	Verb	B2
2128	realizzare	Verb	B2
2129	realtà	Substantiv	B2
2130	reclamo	Substantiv	B2
2131	Regione	Substantiv	B2
2132	regola	Substantiv	B2
2133	relazione	Substantiv	B2
2134	religioso	Adjektiv	B2
2135	repubblica	Substantiv	B2
2136	residenza	Substantiv	B2
2137	responsabile	Adjektiv	B2
2138	responsabile	Substantiv	B2
2139	responsabilità	Substantiv	B2
2140	ricchezza	Substantiv	B2
2141	ricerca	Substantiv	B2
2142	ricevuta	Substantiv	B2
2143	riconoscere	Verb	B2
2144	ridicolo	Adjektiv	B2
2145	riferire	Verb	B2
2146	riferirsi	Verb	B2
2147	rifiutare	Verb	B2
2148	riflettere	Verb	B2
2149	riguardare	Verb	B2
2150	rimettersi	Verb	B2
2151	rinunciare	Verb	B2
2152	riprendere	Verb	B2
2153	riprendersi	Verb	B2
2154	rischioso	Adjektiv	B2
2155	riscontro	Substantiv	B2
2156	risolvere	Verb	B2
2157	risparmiare	Verb	B2
2158	rispettare	Verb	B2
2159	rispetto	Substantiv	B2
2160	roba	Substantiv	B2
2161	rotatoria	Substantiv	B2
2162	ruvido	Adjektiv	B2
2163	saggio	Substantiv	B2
2164	salvare	Verb	B2
2165	santo	Adjektiv	B2
2166	santo	Substantiv	B2
2167	scherzare	Verb	B2
2168	sconfiggere	Verb	B2
2169	scopo	Substantiv	B2
2170	scorretto	Adjektiv	B2
2171	scusa	Substantiv	B2
2172	sé	Pronomen	B2
2173	sebbene	Konjunktion	B2
2174	sede	Substantiv	B2
2175	seguito	Substantiv	B2
2176	senato	Substantiv	B2
2177	sensazione	Substantiv	B2
2178	senso	Substantiv	B2
2179	sentimento	Substantiv	B2
2180	servizio	Substantiv	B2
2181	sesso	Substantiv	B2
2182	sfruttare	Verb	B2
2183	sicurezza	Substantiv	B2
2184	significato	Substantiv	B2
2185	sillaba	Substantiv	B2
2186	sindacato	Substantiv	B2
2187	sindaco	Substantiv	B2
2188	sistema	Substantiv	B2
2189	sociale	Adjektiv	B2
2190	società	Substantiv	B2
2191	socia	Substantiv	B2
2192	socio	Substantiv	B2
2193	soddisfatto	Adjektiv	B2
2194	soffrire	Verb	B2
2195	soldatessa	Substantiv	B2
2196	soldato	Substantiv	B2
2197	solitudine	Substantiv	B2
2198	sollecito	Adjektiv	B2
2199	soluzione	Substantiv	B2
2200	somma	Substantiv	B2
2201	sopravvivere	Verb	B2
2202	sordo	Adjektiv	B2
2203	sospendere	Verb	B2
2204	sottolineare	Verb	B2
2205	sottrarre	Verb	B2
2206	sparare	Verb	B2
2207	spazio	Substantiv	B2
2208	specializzarsi	Verb	B2
2209	specializzazione	Substantiv	B2
2210	spesso	Adjektiv	B2
2211	spiegarsi	Verb	B2
2212	statale	Adjektiv	B2
2213	stato	Substantiv	B2
2214	stesso	Pronomen	B2
2215	stile	Substantiv	B2
2216	stipendio	Substantiv	B2
2217	suora	Substantiv	B2
2218	superiore	Adjektiv	B2
2219	svantaggio	Substantiv	B2
2220	svegliare	Verb	B2
2221	sviluppare	Verb	B2
2222	sviluppo	Substantiv	B2
2223	tale	Adjektiv	B2
2224	talvolta	Adverb	B2
2225	tariffa	Substantiv	B2
2226	tassa	Substantiv	B2
2227	tavola	Substantiv	B2
2228	tecnologia	Substantiv	B2
2229	telegramma	Substantiv	B2
2230	temere	Verb	B2
2231	tensione	Substantiv	B2
2232	teoria	Substantiv	B2
2233	terapia	Substantiv	B2
2234	terrorismo	Substantiv	B2
2235	terrorizzare	Verb	B2
2236	testo	Substantiv	B2
2237	tipico	Adjektiv	B2
2238	tonnellata	Substantiv	B2
2239	torto	Substantiv	B2
2240	tradizionale	Adjektiv	B2
2241	tranquillità	Substantiv	B2
2242	trasformare	Verb	B2
2243	trattare	Verb	B2
2244	tratto	Substantiv	B2
2245	tribunale	Substantiv	B2
2246	tropp	Adverb	B2
2247	turismo	Substantiv	B2
2248	uccidere	Verb	B2
2249	uffa	Interjektion	B2
2250	un	Pronomen	B2
2251	una	Pronomen	B2
2252	uno	Pronomen	B2
2253	urgente	Adjektiv	B2
2254	valere	Verb	B2
2255	valore	Substantiv	B2
2256	vantaggio	Substantiv	B2
2257	vario	Adjektiv	B2
2258	vegetariano	Adjektiv	B2
2259	velocità	Substantiv	B2
2260	vergognarsi	Verb	B2
2261	verità	Substantiv	B2
2262	verticale	Adjektiv	B2
2263	violenza	Substantiv	B2
2264	virgoletta	Substantiv	B2
2265	viso	Substantiv	B2
2266	vista	Substantiv	B2
2267	vocale	Substantiv	B2
2268	volontà	Substantiv	B2
2269	votare	Verb	B2
